timeStamp,elapsed,label,responseCode,responseMessage,threadName,dataType,success,failureMessage,bytes,sentBytes,grpThreads,allThreads,URL,Latency,IdleTime,Connect
1727650524000,44,t_get_discussions,200,OK,Forum,text,true,,1,2,1,1,t_get_discussions,44,0,0
1727650525000,66,t_get_header,200,OK,Forum,text,true,,1,2,1,1,t_get_header,66,0,0
1727650525000,87,t_get_thread,200,OK,Forum,text,true,,1,2,1,1,t_get_thread,87,0,0
1727650527000,600,t_get_search,200,OK,Search,text,true,,1,2,1,1,t_get_search,600,0,0
1727650527000,93,t_get_search_item,200,OK,Search,text,true,,1,2,1,1,t_get_search_item,93,0,0
1727650531000,29,t_get_news,200,OK,News,text,true,,1,2,1,1,t_get_news,29,0,0
1727650531000,147,t_get_knowledge,200,OK,Knowledge,text,true,,1,2,1,1,t_get_knowledge,147,0,0
1727650533000,25,t_get_discussions,200,OK,Forum,text,true,,1,2,1,1,t_get_discussions,25,0,0
1727650533000,81,t_get_header,200,OK,Forum,text,true,,1,2,1,1,t_get_header,81,0,0
1727650536000,823,t_get_search,200,OK,Search,text,true,,1,2,1,1,t_get_search,823,0,0
1727650536000,135,t_get_search_item,200,OK,Search,text,true,,1,2,1,1,t_get_search_item,135,0,0
1727650539000,27,t_get_discussions,200,OK,Forum,text,true,,1,2,1,1,t_get_discussions,27,0,0
1727650539000,57,t_get_header,200,OK,Forum,text,true,,1,2,1,1,t_get_header,57,0,0
1727650539000,86,t_get_thread,200,OK,Forum,text,true,,1,2,1,1,t_get_thread,86,0,0
1727650543000,243,t_get_search,200,OK,Search,text,true,,1,2,1,1,t_get_search,243,0,0
1727650543000,82,t_get_search_item,200,OK,Search,text,true,,1,2,1,1,t_get_search_item,82,0,0
1727650543000,27,t_get_news,200,OK,News,text,true,,1,2,1,1,t_get_news,27,0,0
1727650544000,70,t_get_knowledge,200,OK,Knowledge,text,true,,1,2,1,1,t_get_knowledge,70,0,0
1727650545000,30,t_get_discussions,200,OK,Forum,text,true,,1,2,1,1,t_get_discussions,30,0,0
1727650545000,64,t_get_header,200,OK,Forum,text,true,,1,2,1,1,t_get_header,64,0,0
1727650545000,79,t_get_thread,200,OK,Forum,text,true,,1,2,1,1,t_get_thread,79,0,0
1727650551000,239,t_get_search,200,OK,Search,text,true,,1,2,1,1,t_get_search,239,0,0
1727650551000,82,t_get_search_item,200,OK,Search,text,true,,1,2,1,1,t_get_search_item,82,0,0
1727650551000,23,t_get_discussions,200,OK,Forum,text,true,,1,2,1,1,t_get_discussions,23,0,0
1727650551000,121,t_get_header,200,OK,Forum,text,true,,1,2,1,1,t_get_header,121,0,0
1727650551000,74,t_get_thread,200,OK,Forum,text,true,,1,2,1,1,t_get_thread,74,0,0
1727650555000,23,t_get_news,200,OK,News,text,true,,1,2,1,1,t_get_news,23,0,0
1727650556000,70,t_get_knowledge,200,OK,Knowledge,text,true,,1,2,1,1,t_get_knowledge,70,0,0
1727650557000,42,t_get_discussions,200,OK,Forum,text,true,,1,2,1,1,t_get_discussions,42,0,0
1727650557000,35,t_get_header,200,OK,Forum,text,true,,1,2,1,1,t_get_header,35,0,0
1727650557000,109,t_get_thread,200,OK,Forum,text,true,,1,2,1,1,t_get_thread,109,0,0
1727650558000,350,t_get_search,200,OK,Search,text,true,,1,2,1,1,t_get_search,350,0,0
1727650558000,82,t_get_search_item,200,OK,Search,text,true,,1,2,1,1,t_get_search_item,82,0,0
1727650563000,28,t_get_discussions,200,OK,Forum,text,true,,1,2,1,1,t_get_discussions,28,0,0
1727650563000,45,t_get_header,200,OK,Forum,text,true,,1,2,1,1,t_get_header,45,0,0
1727650563000,84,t_get_thread,200,OK,Forum,text,true,,1,2,1,1,t_get_thread,84,0,0
1727650566000,439,t_get_search,200,OK,Search,text,true,,1,2,1,1,t_get_search,439,0,0
1727650566000,86,t_get_search_item,200,OK,Search,text,true,,1,2,1,1,t_get_search_item,86,0,0
1727650568000,93,t_get_knowledge,200,OK,Knowledge,text,true,,1,2,1,1,t_get_knowledge,93,0,0
